﻿<?xml version="1.0" encoding="UTF-8" standalone="yes"?>
<addon	id="repository.mortstar.addons"
		name="mortstar's repo"
		version="1.2.0"
		provider-name="mortstar">
	<extension	point="xbmc.addon.repository"
				name="mortstar's repo">
		<info compressed="false">https://github.com/mortstar/repository-mortstar-addons/raw/master/addons.xml</info>
		<checksum>https://github.com/mortstar/repository-mortstar-addons/raw/master/addons.xml.md5</checksum>
		<datadir zip="true">https://github.com/mortstar/repository-mortstar-addons/raw/master/repo/</datadir>
	</extension>
	<extension point="xbmc.addon.metadata">
		<summary>Install mortstar's repo</summary>
		<description>Download and install mortstar's repo</description>
		<disclaimer></disclaimer>
		<platform>all</platform>
	</extension>
</addon>