<?xml version="1.0" encoding="UTF-8" standalone="yes"?>
<addon id="metadata.imdbrt.com"
       name="IMDb + RT"
       version="1.3.1"
       provider-name="mortstar (IMDb by Team XBMC)">
  <requires>
    <import addon="xbmc.metadata" version="1.0"/>
    <import addon="metadata.common.themoviedb.org" version="1.0.7"/>
    <import addon="metadata.common.movieposterdb.com" version="1.0.4"/>
    <import addon="metadata.common.imdb.com" version="2.1.0"/>
    <import addon="metadata.common.impa.com" version="1.0.3"/>
    <import addon="metadata.common.hdtrailers.net" version="1.0.6"/>
	<import addon="metadata.common.rt.com" version="1.1.0"/>
  </requires>
  <extension point="xbmc.metadata.scraper.movies"
             language="en"
             library="imdbrt.xml"/>
  <extension point="xbmc.addon.metadata">
    <summary lang="en">Movie information from IMDb + ratings from Rotten Tomatoes</summary>
    <description lang="en">The Internet Movie Database (IMDb) is a HUGE collection of movie information, this addon will gather this data to populate your movie library. Rotten Tomatoes aggregates the reviews from movie critics and provides a 'TomatoMeter' (percentage of critics who have given the movie a positive review) as well as an Average Rating of the scores awarded by the critics. This addon can collect either of these two values as a replacement for IMDb's, userbase derided, rating.</description>
    <platform>all</platform>
  </extension>
</addon>